id_personne,nom,prenom,particule,email principal,email bureau
1,DUCAMP,Jean-Louis,,,
3,DELPIT,François,,fdelpit@hotmail.com,fdelpit@hotmail.com
4,IDE,Pascal,,pide@email.com,
5,TERRIEN,Bernard,,bterrien@email.com,
7,IBORRA,Éric,,eric.iborra@email.com,eric.iborra@email.com
8,MARSSET,Philippe,,pmarsset@email.com,pmarsset@email.com
9,VALENTIN,Louis-Christian,,louisvalentin1943@email.com,louisvalentin1943@email.com
10,ROUGÉ,Matthieu,,matthieu@email.com,
11,BARDIN,Jean-Claude,,jc.bardin@email.com,jc.bardin@email.com
12,MALHERBE,Brice,de,b.demalherbe@email.com,
13,MOUNIER,Frédéric,,fmounier93@email.com,fmounier93@email.com
14,ANTIN,François,d',francoisdantin@email.com,
15,RIBADEAU DUMAS,Olivier,,ord@email.com,ord@email.com
17,SINETY,Benoist,de,b2sinety@email.com,b2sinety@email.com
19,GUIBERT,Vincent,,20100.guibert@email.com,20100.guibert@email.com
21,MALLMANN,Yves,de,yves.demallmann@email.com,
