[{"id":"2","0":"2","nom":"MARSSET","1":"MARSSET","prenom":"Philippe","2":"Philippe","email":"pmanetrsset@email.com","3":"pmarsset@email.com","remarque":" ","4":" ","created_at":"2019-02-20 17:07:03","5":"2019-02-20 17:07:03","updated_at":"2021-09-14 09:17:53","6":"2021-09-14 09:17:53","abonne":"1","7":"1","cle":"123577576","8":"123577576","groupeCode":"427,463,596","9":"427,463,596","paroisse_id":"488","10":"488","hash":"","11":"","statut_id":"3","12":"3"},{"id":"3","0":"3","nom":"GENIN","1":"GENIN","prenom":"Pascal","2":"Pascal","email":"pgenin@email.com","3":"pgenin@email.com","remarque":"Correspondant Vicariat Solidarit\u00e9 en paroisse","4":"Correspondant Vicariat Solidarit\u00e9 en paroisse","created_at":"2019-02-20 17:06:17","5":"2019-02-20 17:06:17","updated_at":"2021-09-14 09:18:29","6":"2021-09-14 09:18:29","abonne":"1","7":"1","cle":"123577108","8":"123577108","groupeCode":"427,430,596","9":"427,430,596","paroisse_id":"194","10":"194","hash":"","11":"","statut_id":"3","12":"3"},{"id":"5","0":"5","nom":"GONON","1":"GONON","prenom":"Fran\u00e7ois","2":"Fran\u00e7ois","email":"fgonon@email.com","3":"fgonon@email.com","remarque":" ","4":" ","created_at":"2019-02-20 16:59:50","5":"2019-02-20 16:59:50","updated_at":"2021-10-25 09:06:24","6":"2021-10-25 09:06:24","abonne":"1","7":"1","cle":"123571142","8":"123571142","groupeCode":"458,496,596","9":"458,496,596","paroisse_id":"464","10":"464s","hash":"","11":"","statut_id":"3","12":"3"},{"id":"7","0":"7","nom":"SOURON","1":"SOURON","prenom":"Franck","2":"Franck","email":"franck.souron@email.com","3":"franck.souron@email.com","remarque":" ","4":" ","created_at":"2019-02-20 17:02:10","5":"2019-02-20 17:02:10","updated_at":"2021-09-10 16:13:36","6":"2021-09-10 16:13:36","abonne":"1","7":"1","cle":"123574022","8":"123574022","groupeCode":"434,458,496,534,596","9":"434,458,496,534,596","paroisse_id":"487","10":"487","hash":"","11":"","statut_id":"3","12":"3"},{"id":"8","0":"8","nom":"QUERUEL","1":"QUERUEL","prenom":"Bernard","2":"Bernard","email":"pere.queruel@email.com","3":"pere.queruel@email.com","remarque":" ","4":" ","created_at":"2019-02-20 17:07:03","5":"2019-02-20 17:07:03","updated_at":"2020-12-29 10:09:21","6":"2020-12-29 10:09:21","abonne":"1","7":"1","cle":"123577578","8":"123577578","groupeCode":"596","9":"596","paroisse_id":"181","10":"181","hash":"","11":"","statut_id":"3","12":"3"},{"id":"10","0":"10","nom":"SOU\u00caTRE","1":"SOU\u00caTRE","prenom":"Patrick","2":"Patrick","email":"patrick.souetre1947@email.com","3":"patrick.souetre1947@email.com","remarque":" ","4":" ","created_at":"2019-02-20 17:02:39","5":"2019-02-20 17:02:39","updated_at":"2021-09-10 16:13:45","6":"2021-09-10 16:13:45","abonne":"1","7":"1","cle":"123574470","8":"123574470","groupeCode":"458,596","9":"458,596","paroisse_id":"254","10":"254","hash":"","11":"","statut_id":"3","12":"3"},{"id":"11","0":"11","nom":"LAIN\u00c9","1":"LAIN\u00c9","prenom":"Fran\u00e7ois","2":"Fran\u00e7ois","email":"flaine@email.com","3":"flaine@email.com","remarque":" ","4":" ","created_at":"2019-02-20 17:05:08","5":"2019-02-20 17:05:08","updated_at":"2021-10-04 09:59:15","6":"2021-10-04 09:59:15","abonne":"1","7":"1","cle":"123576388","8":"123576388","groupeCode":"427,596","9":"427,596","paroisse_id":"222","10":"222","hash":"","11":"","statut_id":"3","12":"3"}]